{"scan": [9998000, 9998020, 9998040, 9998060, 9998080, 9998100, 9998120, 9998140, 9998160, 9998180, 9998200, 9998220, 9998240, 9998260, 9998280, 9998300, 9998320, 9998340, 9998360, 9998380, 9998400, 9998420, 9998440, 9998460, 9998480, 9998500, 9998520, 9998540, 9998560, 9998580, 9998600, 9998620, 9998640, 9998660, 9998680, 9998700, 9998720, 9998740, 9998760, 9998780, 9998800, 9998820, 9998840, 9998860, 9998880, 9998900, 9998920, 9998940, 9998960, 9998980, 9999000, 9999020, 9999040, 9999060, 9999080, 9999100, 9999120, 9999140, 9999160, 9999180, 9999200, 9999220, 9999240, 9999260, 9999280, 9999300, 9999320, 9999340, 9999360, 9999380, 9999400, 9999420, 9999440, 9999460, 9999480, 9999500, 9999520, 9999540, 9999560, 9999580, 9999600, 9999620, 9999640, 9999660, 9999680, 9999700, 9999720, 9999740, 9999760, 9999780, 9999800, 9999820, 9999840, 9999860, 9999880, 9999900, 9999920, 9999940, 9999960, 9999980, 10000000, 10000020, 10000040, 10000060, 10000080, 10000100, 10000120, 10000140, 10000160, 10000180, 10000200, 10000220, 10000240, 10000260, 10000280, 10000300, 10000320, 10000340, 10000360, 10000380, 10000400, 10000420, 10000440, 10000460, 10000480, 10000500, 10000520, 10000540, 10000560, 10000580, 10000600, 10000620, 10000640, 10000660, 10000680, 10000700, 10000720, 10000740, 10000760, 10000780, 10000800, 10000820, 10000840, 10000860, 10000880, 10000900, 10000920, 10000940, 10000960, 10000980, 10001000, 10001020, 10001040, 10001060, 10001080, 10001100, 10001120, 10001140, 10001160, 10001180, 10001200, 10001220, 10001240, 10001260, 10001280, 10001300, 10001320, 10001340, 10001360, 10001380, 10001400, 10001420, 10001440, 10001460, 10001480, 10001500, 10001520, 10001540, 10001560, 10001580, 10001600, 10001620, 10001640, 10001660, 10001680, 10001700, 10001720, 10001740, 10001760, 10001780, 10001800, 10001820, 10001840, 10001860, 10001880, 10001900, 10001920, 10001940, 10001960, 10001980, 10002000], "major": [18403652.976205107, 18398240.644665293, 36658309.6099309, 18400260.936503317, 18403852.955737043, 38955509.41556537, 19498338.759119093, 18400781.92827127, 35104910.125679225, 18985877.01121856, 18400219.225298584, 35119908.55326208, 22252517.14133528, 18394524.6418962, 35109490.85127313, 19295821.992494248, 18399206.37074677, 36193203.58290163, 18411462.79204185, 22905206.658650387, 35112030.71537445, 18402664.641542636, 18394902.95908573, 35110548.66213449, 18402938.951806337, 18407171.71049185, 38955681.593992956, 18405102.37632638, 20964860.7803372, 35108402.84244463, 18400016.78226709, 18399706.432758816, 35112816.893421814, 22256197.53482147, 18402033.06636843, 35108346.64925505, 19062319.976296984, 18400607.200648542, 35096959.467776336, 19496547.49515041, 22254105.928078815, 36000539.20558725, 18406855.30601705, 18396010.72634441, 35109118.53973848, 18402489.54806701, 18406594.28548321, 39534715.161754385, 18409536.989809547, 18405139.505376134, 36196432.77205803, 18399016.82408145, 18394919.090107255, 35774794.96614733, 23147355.225156948, 18402409.65677327, 35106783.71030265, 18399307.59466447, 18401832.483832642, 35105253.88274035, 18404473.31797843, 23338788.91185481, 35114382.283571705, 18406430.05933204, 18392307.996934686, 35107624.105510056, 18984247.62304899, 19304932.805880696, 38960052.19236013, 18407113.689824853, 19054918.255401723, 35103812.72229481, 19491845.16019184, 18393613.02255527, 35115103.1961245, 22260108.18228475, 18400545.479226537, 35106453.98412955, 18401208.45297874, 18397017.24547943, 35999640.23450665, 18406480.122212894, 22250611.814310532, 36199034.21810204, 18409377.64721332, 18976653.01687464, 35110730.1810695, 19060047.165732164, 18411419.769544754, 38956620.787406996, 18399096.740242362, 18403849.843767803, 35104876.69110883, 19296292.60559149, 19485271.67201508, 35110681.26276866, 22254076.268379007, 18406712.553770263, 35100165.72774393, 18401863.24875466, 18402268.104132127, 35109744.72903527, 18412458.515742265, 22248750.222904246, 36345576.79996854, 19497335.705509484, 19292840.15210566, 35103666.71186373, 18402098.215854887, 18404620.54059691, 38962722.21471999, 18404499.104144808, 18397985.984108824, 35107771.55481444, 18402813.686524916, 18392126.840756394, 36202661.22924226, 22252851.945151463, 18402574.520825315, 36005686.93096804, 18401961.04294719, 19057403.254255388, 35106528.01062386, 18990229.53109345, 22251967.402134415, 35111534.27192006, 18404178.61120187, 19487581.608525056, 35106740.29947618, 18397546.994091704, 18408147.198762774, 38957648.28191433, 19297663.016607717, 18399400.864101734, 35104288.67036041, 18407426.91914549, 18395069.908173133, 35112116.62330547, 24000400.88172323, 18405015.693339866, 35108958.843889326, 18403442.001313124, 18977489.083502147, 35108932.365665704, 18414523.763623577, 23142673.00441181, 35107994.26673907, 18402914.55249132, 18397156.83500365, 36192268.55863144, 18401453.05033027, 18405298.986781046, 38960520.55533184, 18407630.3668337, 18405054.66612839, 35757379.150967926, 18402285.581524044, 18398791.402855296, 36006040.167467386, 22253846.79298549, 19492400.51643905, 35690417.46982666, 18403026.443864536, 18402461.915989064, 35103063.285254695, 18411067.99825013, 22247979.628792733, 35111744.36839343, 18403823.300073937, 18397696.228448868, 35106231.09349339, 20381584.949651174, 19063987.48435899, 38958884.065534055, 18404553.685419995, 18398008.129652817, 35108623.02926666, 18404024.718919404, 18397275.597246014, 35118388.31803442, 22834813.80884319, 18401108.66630034, 36199733.74442257, 18397679.147329185, 19291139.17449007, 35106174.42854574, 18411528.765032854, 22251814.94680087, 35111518.90869601, 19061068.09012694, 18395281.503928073, 35105836.94218038, 18401294.04268622, 19495440.831970356, 38955781.72007614, 18406431.943169717, 18403874.033516083, 35996520.98398402, 18406527.71421059, 18977774.168646745, 35111987.99451454],