{"scan": [99998000, 99998020, 99998040, 99998060, 99998080, 99998100, 99998120, 99998140, 99998160, 99998180, 99998200, 99998220, 99998240, 99998260, 99998280, 99998300, 99998320, 99998340, 99998360, 99998380, 99998400, 99998420, 99998440, 99998460, 99998480, 99998500, 99998520, 99998540, 99998560, 99998580, 99998600, 99998620, 99998640, 99998660, 99998680, 99998700, 99998720, 99998740, 99998760, 99998780, 99998800, 99998820, 99998840, 99998860, 99998880, 99998900, 99998920, 99998940, 99998960, 99998980, 99999000, 99999020, 99999040, 99999060, 99999080, 99999100, 99999120, 99999140, 99999160, 99999180, 99999200, 99999220, 99999240, 99999260, 99999280, 99999300, 99999320, 99999340, 99999360, 99999380, 99999400, 99999420, 99999440, 99999460, 99999480, 99999500, 99999520, 99999540, 99999560, 99999580, 99999600, 99999620, 99999640, 99999660, 99999680, 99999700, 99999720, 99999740, 99999760, 99999780, 99999800, 99999820, 99999840, 99999860, 99999880, 99999900, 99999920, 99999940, 99999960, 99999980, 100000000, 100000020, 100000040, 100000060, 100000080, 100000100, 100000120, 100000140, 100000160, 100000180, 100000200, 100000220, 100000240, 100000260, 100000280, 100000300, 100000320, 100000340, 100000360, 100000380, 100000400, 100000420, 100000440, 100000460, 100000480, 100000500, 100000520, 100000540, 100000560, 100000580, 100000600, 100000620, 100000640, 100000660, 100000680, 100000700, 100000720, 100000740, 100000760, 100000780, 100000800, 100000820, 100000840, 100000860, 100000880, 100000900, 100000920, 100000940, 100000960, 100000980, 100001000, 100001020, 100001040, 100001060, 100001080, 100001100, 100001120, 100001140, 100001160, 100001180, 100001200, 100001220, 100001240, 100001260, 100001280, 100001300, 100001320, 100001340, 100001360, 100001380, 100001400, 100001420, 100001440, 100001460, 100001480, 100001500, 100001520, 100001540, 100001560, 100001580, 100001600, 100001620, 100001640, 100001660, 100001680, 100001700, 100001720, 100001740, 100001760, 100001780, 100001800, 100001820, 100001840, 100001860, 100001880, 100001900, 100001920, 100001940, 100001960, 100001980, 100002000], "major": [151017050.26210946, 150988005.1514881, 318042752.78390497, 151020982.36436158, 204998822.9320118, 318031830.9577799, 150991091.09078148, 167681994.1928798, 318076075.54711026, 151006932.77966717, 150995026.1766283, 356555175.0048672, 150982326.51325682, 150983332.63161752, 318037939.7230299, 151008048.61211175, 150981188.80470717, 326982699.8559577, 200397224.61875677, 150962193.97286817, 318045837.1762063, 157579097.16637674, 151008536.812446, 318062458.0389593, 151006626.92978325, 189479402.3276156, 323837806.4694929, 151019732.54414883, 150983276.6098443, 328941085.79089046, 159958468.8248744, 150974598.2244539, 356526944.5328406, 150987640.88224882, 150969777.0952365, 318052762.1251576, 151024291.36177, 150986262.4401843, 324645185.1966285, 189497104.59890476, 161843260.3182845, 318058114.5432275, 151004785.7531707, 159926639.18912446, 318053874.9885214, 156815322.91214487, 189488317.9663157, 318034814.91972035, 151010298.40511635, 150995678.0711113, 318047176.78915113, 161899717.3563781, 150987263.02783102, 356520298.05893385, 150971562.94161066, 157554821.62650532, 326981744.3613519, 151019244.10547134, 150980777.7855571, 318072998.7921763, 189531616.06819206, 150965550.90889502, 328946422.313518, 151011016.2066954, 156798821.8605239, 318040480.7329263, 151004594.4143668, 189471744.61058265, 318008121.2981282, 159942798.45334518, 150996037.89631534, 318055564.37197584, 157577710.36936975, 161871975.69259882, 356556188.70710474, 150975154.56362337, 150979658.64429456, 318079687.9823919, 151018084.33500487, 150977614.1642429, 318061147.94769937, 189514443.59131527, 159891287.6766725, 323839069.60901725, 161903553.35852098, 150998947.09236383, 318037574.37686044, 151005512.61670253, 189491982.59031114, 324600638.5766419, 150991341.15483397, 150985528.6405265, 318045818.2125738, 151019259.0758324, 150984129.3709811, 376380701.94138557, 150997537.12989086, 150969035.72466004, 318069791.8104331, 151024984.79361424, 150973578.05679616, 318044834.19770074, 195310262.58845702, 150976262.1039262, 318050845.9131268, 150995836.6313384, 168452454.44396123, 318038190.1427232, 159948003.63224402, 189459401.95523816, 318030880.3233392, 151014150.57067192, 150984870.5118066, 318061162.2935438, 151024754.84874347, 151015807.10708323, 356543578.73207927, 161870321.29678926, 150975448.77004293, 318040116.0444409, 150991897.66309115, 165731434.54610425, 318061466.5505821, 196070115.18217596, 150957595.02560657, 318052956.17518157, 151015244.6190479, 151003639.71774969, 328938904.47341406, 151026875.97519064, 189463799.8755943, 318003717.70404303, 151021686.8273325, 150979009.65512565, 326984987.9027258, 151008239.87485254, 150998751.89300713, 356564891.8621593, 150977383.10461545, 161859238.91696894, 330448739.66855603, 151009595.60568708, 150979499.29315877, 318052888.5638458, 189496013.55304027, 150954695.6771161, 318050973.53474945, 159948398.2166629, 150998968.27161404, 318048644.96416295, 161904355.5678369, 189473257.10255253, 318014418.2059765, 151007984.135076, 151001324.4402562, 318067787.80288523, 150998564.87112555, 157556223.44668233, 356533409.16028196, 156795804.63586813, 159913819.86566922, 328949963.1946676, 151024381.63210356, 150980479.05838314, 318041022.48352194, 189520330.42772058, 150967103.2830549, 318036096.44632596, 151007524.73427007, 150985633.67933866, 318042288.4184635, 151013446.52845642, 200367204.44824404, 326966895.73503536, 157581391.93778154, 150971467.09102425, 318075859.03756905, 150986593.6019584, 156796701.04088894, 356570801.8546636, 150995984.03619975, 150991600.3263905, 318044196.2662407, 161900762.72775075, 150987376.92368472, 318022725.0818726, 198424236.35756898, 150963485.9617532, 318039735.4690089, 151009519.86332273, 150992066.6568412, 324635383.87262845, 151029033.88438678, 189490904.85224447, 328913668.26369184, 151013219.06885004, 150962009.33228332, 323858600.2499457, 151017207.7112475, 159924737.54511392, 356549006.4336032],