{"scan": [999998000, 999998020, 999998040, 999998060, 999998080, 999998100, 999998120, 999998140, 999998160, 999998180, 999998200, 999998220, 999998240, 999998260, 999998280, 999998300, 999998320, 999998340, 999998360, 999998380, 999998400, 999998420, 999998440, 999998460, 999998480, 999998500, 999998520, 999998540, 999998560, 999998580, 999998600, 999998620, 999998640, 999998660, 999998680, 999998700, 999998720, 999998740, 999998760, 999998780, 999998800, 999998820, 999998840, 999998860, 999998880, 999998900, 999998920, 999998940, 999998960, 999998980, 999999000, 999999020, 999999040, 999999060, 999999080, 999999100, 999999120, 999999140, 999999160, 999999180, 999999200, 999999220, 999999240, 999999260, 999999280, 999999300, 999999320, 999999340, 999999360, 999999380, 999999400, 999999420, 999999440, 999999460, 999999480, 999999500, 999999520, 999999540, 999999560, 999999580, 999999600, 999999620, 999999640, 999999660, 999999680, 999999700, 999999720, 999999740, 999999760, 999999780, 999999800, 999999820, 999999840, 999999860, 999999880, 999999900, 999999920, 999999940, 999999960, 999999980, 1000000000, 1000000020, 1000000040, 1000000060, 1000000080, 1000000100, 1000000120, 1000000140, 1000000160, 1000000180, 1000000200, 1000000220, 1000000240, 1000000260, 1000000280, 1000000300, 1000000320, 1000000340, 1000000360, 1000000380, 1000000400, 1000000420, 1000000440, 1000000460, 1000000480, 1000000500, 1000000520, 1000000540, 1000000560, 1000000580, 1000000600, 1000000620, 1000000640, 1000000660, 1000000680, 1000000700, 1000000720, 1000000740, 1000000760, 1000000780, 1000000800, 1000000820, 1000000840, 1000000860, 1000000880, 1000000900, 1000000920, 1000000940, 1000000960, 1000000980, 1000001000, 1000001020, 1000001040, 1000001060, 1000001080, 1000001100, 1000001120, 1000001140, 1000001160, 1000001180, 1000001200, 1000001220, 1000001240, 1000001260, 1000001280, 1000001300, 1000001320, 1000001340, 1000001360, 1000001380, 1000001400, 1000001420, 1000001440, 1000001460, 1000001480, 1000001500, 1000001520, 1000001540, 1000001560, 1000001580, 1000001600, 1000001620, 1000001640, 1000001660, 1000001680, 1000001700, 1000001720, 1000001740, 1000001760, 1000001780, 1000001800, 1000001820, 1000001840, 1000001860, 1000001880, 1000001900, 1000001920, 1000001940, 1000001960, 1000001980, 1000002000], "major": [55130327030.29079, 55515388702.24296, 56800983056.586685, 55130416947.03493, 55130446113.92654, 56800942235.48016, 55297356439.99891, 55196246302.01047, 57185989649.54227, 55130449751.63473, 55130506865.31417, 56890398860.253365, 55130388333.45908, 55130501501.92198, 56801061147.100815, 55515455919.34899, 55130580592.320496, 56910009841.43027, 55130571280.9015, 55130566162.866974, 56801060911.24693, 55130637045.66792, 55515589331.605835, 56801163402.19449, 55285706739.79697, 55188666861.255585, 56801164568.27361, 55130551707.44695, 55239562397.2213, 57186203012.53392, 55130652308.47419, 55130693967.595726, 56801255827.523315, 55130637809.27623, 55130685108.1174, 56801263655.69413, 55515664619.22617, 55220125196.46109, 56801268658.333885, 55239634179.793465, 55130821953.002, 56867044613.36427, 55130746305.55617, 55515834796.71778, 56859391889.354294, 55130803287.05836, 55130795143.69487, 56801378649.35908, 55130750628.60645, 55130828683.76519, 57384659060.02086, 55130860046.86698, 55130932967.98065, 56801451174.830864, 55130829064.44838, 55130844146.97909, 56801455137.57586, 55515877201.14659, 55196693621.35878, 56801508730.20503, 55131007522.3563, 55239836767.281975, 56801473683.91755, 55278376482.45957, 55516020956.12329, 56801576382.81891, 55130972824.94447, 55131027154.12609, 56801504396.25955, 55130977133.99483, 55131029390.39623, 57186575151.264145, 55239920652.033775, 55131132356.5705, 56801660012.79192, 55196768982.492584, 55220421763.051, 56801692432.95972, 55516072926.82751, 55131163611.53532, 56801679766.217705, 55131203244.94375, 55189225123.09654, 56910522006.69272, 55131171902.611046, 55516147783.55539, 56801764965.54513, 55131181250.98406, 55131240495.5762, 56891060233.63024, 55131136471.48019, 55131265867.94701, 57252502971.56918, 55131226499.619995, 55240224251.03182, 56801873974.16366, 55131229268.14328, 55131273354.63005, 56801891544.1924, 55516312034.256355, 55131292618.914566, 56859952617.42087, 55220688985.64652, 55131351101.18036, 56801845316.91749, 55240200903.84432, 55516335334.11555, 56801955116.25158, 55131430412.91089, 55197166975.17328, 56801931002.8262, 55131335702.76982, 55131469075.53258, 57186923948.0152, 55131399883.97618, 55220901393.51602, 56910995765.50558, 55131423025.44562, 55131474108.149414, 56802045228.29999, 55574571393.08344, 55131553054.048965, 56802023360.08011, 55131501876.097084, 55131497571.885345, 56802068318.58719, 55197271757.88784, 55625436554.025185, 56891536841.74018, 55131597660.512695, 55131611727.33094, 56802140284.160736, 55131577180.94597, 55131656126.90317, 57187143900.13009, 55131645013.99138, 55131714303.32135, 56802234367.602425, 55240554207.480995, 55189702188.023254, 56802244904.66715, 55605991423.463455, 55131760338.14828, 56868015664.08807, 55131655612.09145, 55131720893.70319, 56802256900.486755, 55131737837.96025, 55516789093.431816, 56911233794.51337, 55131807950.58611, 55131837015.54997, 56802314830.84024, 55131751491.492065, 55221262919.09712, 57187381631.66242, 55131787844.675, 55131852604.082504, 56860453389.49799, 55131890740.17137, 55306504189.24183, 56802415065.43263, 55516879947.06801, 55131906728.460655, 56802512181.945694, 55131878617.29923, 55131919836.57043, 56891856587.542496, 55131896641.368454, 55516950093.01648, 56802530057.315414, 55240875550.82512, 55132073699.784454, 56802550386.2471, 55131933260.042366, 55132052678.49728, 57187600827.082, 55255806604.54121, 55132060195.62639, 56802626354.28907, 55221362878.150665, 55132036271.66705, 56911472192.82232, 55517083800.82422, 55132153926.41966, 56802667378.49611, 55132170453.38117, 55132090504.150665, 56802649965.3183, 55132112180.331604, 55517141109.892944, 56802703259.61996, 55132217494.87033, 55330542010.32274, 56868472426.77611, 55132112787.10197, 55190293150.38883, 57187777391.819084, 55132230829.2033, 55132255919.97248, 56802840492.37607],