{
  "N": 100000000,
  "half_widths": [
    20
  ],
  "convergence": {
    "20": {
      "r": 0.6879239889177408,
      "frac": 0.8552939153819775,
      "n_pts": 5248
    }
  },
  "w_plane": {
    "mean_arg_deg": 9.667897489158875,
    "std_arg_deg": 2.324214954670329,
    "q1_frac": 1.0,
    "all_positive": true
  },
  "time": 244.0353581905365,
  "checksum": "f0d9458164edaf3d"
}