{
  "N": 10000000,
  "half_widths": [
    20
  ],
  "convergence": {
    "20": {
      "r": 0.7265602200045684,
      "frac": 1.0026390664656901,
      "n_pts": 5248
    }
  },
  "w_plane": {
    "mean_arg_deg": -0.03732109994628124,
    "std_arg_deg": 2.6324231766622277,
    "q1_frac": 0.4427860696517413,
    "all_positive": true
  },
  "time": 25.62416386604309,
  "checksum": "dceed9104f65f82b"
}